72486457,William,Wise,william@webmail.com,Carrera 78 #50
54045055,Georgette,Gallogly,georgette@webmail.com,Carrera 40 #43
41289131,David,Weiss,david@gmail.com,Carrera 42 #31
67667153,Ruth,May,ruth@outlook.com,Carrera 24 #23
69689103,Thomas,Walton,thomas@outlook.com,Carrera 10 #21
55410133,Charlie,McAdams,charlie@gmail.com,Carrera 79 #17
52705209,Diana,Rader,diana@yahoo.es,Carrera 75 #48
38531184,Alexander,Green,alexander@yahoo.es,Carrera 100 #26
90149493,Leslie,Santoyo,leslie@yahoo.es,Carrera 23 #67
19292954,Vincent,Shepler,vincent@webmail.com,Carrera 45 #55
