22323046,Ricky,James,ricky@webmail.com,Carrera 17 #60
14112851,Marilyn,Teague,marilyn@outlook.com,Carrera 69 #14
79201200,Jim,Nordahl,jim@yahoo.es,Carrera 77 #10
38125813,Kim,Bartlett,kim@yahoo.es,Carrera 10 #46
18405828,Christopher,Hall,christopher@yahoo.es,Carrera 110 #44
81197839,Hubert,Sehlmeyer,hubert@yahoo.es,Carrera 37 #76
30309169,Donna,Hamer,donna@webmail.com,Carrera 43 #49
43735445,Duane,Adkins,duane@gmail.com,Carrera 1 #18
36453370,Christine,Holloway,christine@outlook.com,Carrera 99 #34
75349896,Alan,Lindsey,alan@outlook.com,Carrera 86 #33
